ExperimentID,Serie,Modelo,N_Repeticoes,MSE_mean,MSE_std,RMSE_mean,RMSE_std,MAE_mean,MAE_std,MAPE_mean,MAPE_std,theil_mean,theil_std,ARV_mean,ARV_std,IA_mean,IA_std,POCID_mean,POCID_std
chamados_v4_fs_mlp_ftest,airlines,1mlpftest,10,470.771485,87.850503,21.613648,2.006018,17.215984,1.543069,3.747392,0.305512,0.217904,0.066190,0.086003,0.018141,0.978797,0.004275,82.857143,3.688556
chamados_v4_fs_mlp_ftest,austres,1mlpftest,10,1852.495845,1421.118213,40.572721,15.141927,39.052121,15.620881,0.222974,0.089160,1.009801,0.818851,0.155262,0.099288,0.955096,0.032747,87.500000,0.000000
chamados_v4_fs_mlp_ftest,coloradoRiver,1mlpftest,10,0.022381,0.001664,0.149509,0.005558,0.120057,0.005497,16.090734,0.863611,1.569926,0.130622,0.774917,0.027863,0.828022,0.011169,65.405405,2.034521
chamados_v4_fs_mlp_ftest,sunspot,1mlpftest,10,292.042002,17.304062,17.082470,0.506883,13.794332,0.255069,34.725682,1.001208,0.334688,0.007324,0.167143,0.008142,0.959880,0.002255,74.285714,4.054616
