ExperimentID,Serie,Modelo,N_Repeticoes,MSE_mean,MSE_std,RMSE_mean,RMSE_std,MAE_mean,MAE_std,MAPE_mean,MAPE_std,theil_mean,theil_std,ARV_mean,ARV_std,IA_mean,IA_std,POCID_mean,POCID_std
chamados_v4_fs_mlp_lasso,airlines,1mlplasso,10,713.474253,178.191900,26.485361,3.651467,23.066305,3.373165,5.009556,0.702186,0.389504,0.130536,0.122251,0.031891,0.968563,0.008161,76.428571,4.821061
chamados_v4_fs_mlp_lasso,austres,1mlplasso,10,1148.134297,1373.787797,29.910633,16.782542,27.804963,17.485955,0.158785,0.099801,0.619652,0.777928,0.097435,0.099842,0.972152,0.031945,87.500000,0.000000
chamados_v4_fs_mlp_lasso,coloradoRiver,1mlplasso,10,0.032439,0.002609,0.179973,0.007380,0.149199,0.006312,20.317213,0.865203,1.945987,0.149207,0.769513,0.023313,0.784422,0.011462,68.918919,0.900901
chamados_v4_fs_mlp_lasso,sunspot,1mlplasso,10,292.681028,15.605218,17.102472,0.455181,13.545761,0.347749,34.988217,1.412974,0.352117,0.037667,0.171858,0.014252,0.959331,0.002813,74.642857,2.635231
