ExperimentID,Serie,Modelo,N_Repeticoes,MSE_mean,MSE_std,RMSE_mean,RMSE_std,MAE_mean,MAE_std,MAPE_mean,MAPE_std,theil_mean,theil_std,ARV_mean,ARV_std,IA_mean,IA_std,POCID_mean,POCID_std
chamados_v4_fs_ftest,airlines,1amv1ftest,10,365.344516,2.873617,19.113854,0.075173,14.793508,0.060523,3.220306,0.013026,0.124116,0.000929,0.062325,0.000416,0.984177,0.000116,78.571429,0.000000
chamados_v4_fs_ftest,airlines,1arima,1,389.194049,,19.728002,,15.102607,,3.315326,,0.134713,,0.066301,,0.983139,,78.571429,
chamados_v4_fs_ftest,austres,1amv1ftest,10,365.352824,15.713551,19.110346,0.404853,14.080927,0.476193,0.080506,0.002720,0.132311,0.004562,0.035581,0.001389,0.990820,0.000380,75.000000,0.000000
chamados_v4_fs_ftest,austres,1arima,1,358.130880,,18.924346,,13.710292,,0.078380,,0.129713,,0.034904,,0.990999,,75.000000,
chamados_v4_fs_ftest,coloradoRiver,1amv1ftest,10,0.105749,0.001941,0.325178,0.002991,0.262862,0.002728,28.851043,0.342803,0.761237,0.022640,0.696242,0.010782,0.667749,0.005521,55.000000,2.301268
chamados_v4_fs_ftest,coloradoRiver,1arima,1,0.104961,,0.323976,,0.262984,,28.817193,,0.755655,,0.698832,,0.667249,,52.702703,
chamados_v4_fs_ftest,sunspot,1amv1ftest,10,364.853507,2.753018,19.101017,0.071951,15.575901,0.064554,39.535454,0.470728,0.332955,0.002935,0.202002,0.003261,0.950313,0.000605,61.071429,1.129385
chamados_v4_fs_ftest,sunspot,1arima,1,365.478709,,19.117497,,15.719171,,36.503112,,0.346894,,0.193887,,0.951367,,67.857143,
