ExperimentID,Serie,Modelo,N_Repeticoes,MSE_mean,MSE_std,RMSE_mean,RMSE_std,MAE_mean,MAE_std,MAPE_mean,MAPE_std,theil_mean,theil_std,ARV_mean,ARV_std,IA_mean,IA_std,POCID_mean,POCID_std
chamados_v4_fs_ftest,airlines,1amv1ftest,10,367.486710,0.948189,19.169929,0.024726,14.830622,0.018045,3.228482,0.003614,0.124246,0.000487,0.062627,0.000131,0.984091,0.000037,78.571429,0.000000
chamados_v4_fs_ftest,airlines,1arima,1,389.194049,,19.728002,,15.102607,,3.315326,,0.134713,,0.066301,,0.983139,,78.571429,
chamados_v4_fs_ftest,austres,1amv1ftest,10,360.608700,9.157369,18.988335,0.239995,13.892084,0.287561,0.079424,0.001636,0.130593,0.002449,0.035136,0.000800,0.990937,0.000220,75.000000,0.000000
chamados_v4_fs_ftest,austres,1arima,1,358.130880,,18.924346,,13.710292,,0.078380,,0.129713,,0.034904,,0.990999,,75.000000,
chamados_v4_fs_ftest,coloradoRiver,1amv1ftest,10,0.106007,0.001667,0.325578,0.002563,0.263027,0.002606,28.912438,0.341438,0.756141,0.030612,0.700545,0.011358,0.665709,0.005356,54.189189,2.421564
chamados_v4_fs_ftest,coloradoRiver,1arima,1,0.104961,,0.323976,,0.262984,,28.817193,,0.755655,,0.698832,,0.667249,,52.702703,
chamados_v4_fs_ftest,sunspot,1amv1ftest,10,365.647532,1.567008,19.121873,0.040968,15.579743,0.067058,39.581229,0.377918,0.332483,0.001975,0.202144,0.001777,0.950234,0.000325,60.714286,0.000000
chamados_v4_fs_ftest,sunspot,1arima,1,365.478709,,19.117497,,15.719171,,36.503112,,0.346894,,0.193887,,0.951367,,67.857143,
