ExperimentID,Serie,Modelo,N_Repeticoes,MSE_mean,MSE_std,RMSE_mean,RMSE_std,MAE_mean,MAE_std,MAPE_mean,MAPE_std,theil_mean,theil_std,ARV_mean,ARV_std,IA_mean,IA_std,POCID_mean,POCID_std
chamados_v4_fs_rfecv,airlines,1amv1rfecv,10,325.002657,24.313750,18.016683,0.668146,14.651188,0.301772,3.275598,0.049534,0.123426,0.002637,0.056007,0.003637,0.985876,0.001000,78.571429,0.000000
chamados_v4_fs_rfecv,airlines,1arima,1,389.194049,,19.728002,,15.102607,,3.315326,,0.134713,,0.066301,,0.983139,,78.571429,
chamados_v4_fs_rfecv,austres,1amv1rfecv,10,367.243920,16.829337,19.159155,0.435527,14.124038,0.492143,0.080751,0.002806,0.132851,0.004692,0.035749,0.001478,0.990774,0.000406,75.000000,0.000000
chamados_v4_fs_rfecv,austres,1arima,1,358.130880,,18.924346,,13.710292,,0.078380,,0.129713,,0.034904,,0.990999,,75.000000,
chamados_v4_fs_rfecv,coloradoRiver,1amv1rfecv,10,0.107377,0.003007,0.327655,0.004556,0.265774,0.003742,29.080794,0.389951,0.760325,0.019044,0.693189,0.008238,0.667248,0.004386,54.864865,3.133789
chamados_v4_fs_rfecv,coloradoRiver,1arima,1,0.104961,,0.323976,,0.262984,,28.817193,,0.755655,,0.698832,,0.667249,,52.702703,
chamados_v4_fs_rfecv,sunspot,1amv1rfecv,10,361.932167,5.337463,19.024052,0.139963,15.674476,0.187566,40.188907,0.818433,0.328111,0.006329,0.198709,0.005657,0.950906,0.001083,60.714286,0.000000
chamados_v4_fs_rfecv,sunspot,1arima,1,365.478709,,19.117497,,15.719171,,36.503112,,0.346894,,0.193887,,0.951367,,67.857143,
