ExperimentID,Serie,Modelo,N_Repeticoes,MSE_mean,MSE_std,RMSE_mean,RMSE_std,MAE_mean,MAE_std,MAPE_mean,MAPE_std,theil_mean,theil_std,ARV_mean,ARV_std,IA_mean,IA_std,POCID_mean,POCID_std
chamados_v4_fs_lasso,airlines,1amv1lasso,10,389.384655,0.176350,19.732831,0.004469,15.131973,0.002755,3.281692,0.000551,0.127351,0.000049,0.065486,0.000021,0.983241,0.000006,78.571429,0.000000
chamados_v4_fs_lasso,airlines,1arima,1,389.194049,,19.728002,,15.102607,,3.315326,,0.134713,,0.066301,,0.983139,,78.571429,
chamados_v4_fs_lasso,austres,1amv1lasso,10,364.005350,12.484785,19.076434,0.324946,13.958230,0.403749,0.079798,0.002300,0.131506,0.003513,0.035433,0.001102,0.990856,0.000301,75.000000,0.000000
chamados_v4_fs_lasso,austres,1arima,1,358.130880,,18.924346,,13.710292,,0.078380,,0.129713,,0.034904,,0.990999,,75.000000,
chamados_v4_fs_lasso,coloradoRiver,1amv1lasso,10,0.107544,0.003041,0.327909,0.004645,0.266130,0.003550,29.106461,0.334193,0.767933,0.015665,0.697654,0.002120,0.665434,0.001924,52.162162,1.452659
chamados_v4_fs_lasso,coloradoRiver,1arima,1,0.104961,,0.323976,,0.262984,,28.817193,,0.755655,,0.698832,,0.667249,,52.702703,
chamados_v4_fs_lasso,sunspot,1amv1lasso,10,359.055075,0.395850,18.948746,0.010448,15.502632,0.017190,39.498874,0.189403,0.325961,0.000419,0.193620,0.000479,0.951794,0.000082,60.714286,0.000000
chamados_v4_fs_lasso,sunspot,1arima,1,365.478709,,19.117497,,15.719171,,36.503112,,0.346894,,0.193887,,0.951367,,67.857143,
