ExperimentID,Serie,Modelo,N_Repeticoes,MSE_mean,MSE_std,RMSE_mean,RMSE_std,MAE_mean,MAE_std,MAPE_mean,MAPE_std,theil_mean,theil_std,ARV_mean,ARV_std,IA_mean,IA_std,POCID_mean,POCID_std
chamados_v4_fs_rfembedded,airlines,1amv1rfembedded,10,377.613549,11.967314,19.430073,0.308757,14.795009,0.439714,3.244271,0.099584,0.128000,0.004040,0.063281,0.002088,0.983785,0.000528,78.571429,0.000000
chamados_v4_fs_rfembedded,airlines,1arima,1,389.194049,,19.728002,,15.102607,,3.315326,,0.134713,,0.066301,,0.983139,,78.571429,
chamados_v4_fs_rfembedded,austres,1amv1rfembedded,10,360.601847,11.643379,18.987356,0.302152,13.863279,0.343251,0.079259,0.001954,0.130629,0.003261,0.035137,0.001026,0.990937,0.000281,75.000000,0.000000
chamados_v4_fs_rfembedded,austres,1arima,1,358.130880,,18.924346,,13.710292,,0.078380,,0.129713,,0.034904,,0.990999,,75.000000,
chamados_v4_fs_rfembedded,coloradoRiver,1amv1rfembedded,10,0.106360,0.005072,0.326045,0.007845,0.263145,0.008245,28.830713,0.829390,0.734152,0.052017,0.703270,0.004357,0.664408,0.006007,52.027027,3.137024
chamados_v4_fs_rfembedded,coloradoRiver,1arima,1,0.104961,,0.323976,,0.262984,,28.817193,,0.755655,,0.698832,,0.667249,,52.702703,
chamados_v4_fs_rfembedded,sunspot,1amv1rfembedded,10,359.139948,0.487039,18.950984,0.012851,15.466205,0.030698,39.422891,0.193323,0.328915,0.003507,0.195093,0.001254,0.951608,0.000141,60.714286,0.000000
chamados_v4_fs_rfembedded,sunspot,1arima,1,365.478709,,19.117497,,15.719171,,36.503112,,0.346894,,0.193887,,0.951367,,67.857143,
