ExperimentID,Serie,Modelo,Repeticao,ValMetric,MSE,RMSE,MAE,MAPE,theil,ARV,IA,POCID
chamados_v4_fs_svr_rfecv,airlines,1svrrfecv,0,14.563343,722.398903,26.877479,21.750341,4.539690,0.220682,0.116438,0.969151,78.571429
chamados_v4_fs_svr_rfecv,austres,1svrrfecv,0,17.546347,193.564723,13.912754,10.314447,0.058814,0.081070,0.018572,0.995194,87.500000
chamados_v4_fs_svr_rfecv,coloradoRiver,1svrrfecv,0,0.657515,0.022564,0.150212,0.121893,15.437378,0.716666,0.605855,0.849533,60.810811
chamados_v4_fs_svr_rfecv,sunspot,1svrrfecv,0,24.034190,407.580934,20.188634,16.096173,33.638172,0.605479,0.263252,0.939679,75.000000
