ExperimentID,Serie,Modelo,N_Repeticoes,MSE_mean,MSE_std,RMSE_mean,RMSE_std,MAE_mean,MAE_std,MAPE_mean,MAPE_std,theil_mean,theil_std,ARV_mean,ARV_std,IA_mean,IA_std,POCID_mean,POCID_std
chamados_v4_fs_mutualinfo,airlines,1amv1mutualinfo,10,384.717102,2.482601,19.614115,0.063294,15.489698,0.075691,3.450297,0.016561,0.145776,0.000786,0.066363,0.000443,0.983230,0.000111,78.571429,0.000000
chamados_v4_fs_mutualinfo,airlines,1arima,1,389.194049,,19.728002,,15.102607,,3.315326,,0.134713,,0.066301,,0.983139,,78.571429,
chamados_v4_fs_mutualinfo,austres,1amv1mutualinfo,10,362.357858,12.615030,19.033145,0.328701,13.956760,0.369683,0.079794,0.002102,0.131166,0.003450,0.035296,0.001106,0.990894,0.000304,75.000000,0.000000
chamados_v4_fs_mutualinfo,austres,1arima,1,358.130880,,18.924346,,13.710292,,0.078380,,0.129713,,0.034904,,0.990999,,75.000000,
chamados_v4_fs_mutualinfo,coloradoRiver,1amv1mutualinfo,10,0.108262,0.003085,0.329002,0.004690,0.265919,0.003623,29.165356,0.466152,0.761637,0.020226,0.702912,0.006926,0.662601,0.004922,54.189189,2.421564
chamados_v4_fs_mutualinfo,coloradoRiver,1arima,1,0.104961,,0.323976,,0.262984,,28.817193,,0.755655,,0.698832,,0.667249,,52.702703,
chamados_v4_fs_mutualinfo,sunspot,1amv1mutualinfo,10,364.510928,2.426371,19.092074,0.063498,15.792911,0.145264,40.331124,0.501832,0.336788,0.002497,0.203949,0.001789,0.950065,0.000335,60.714286,0.000000
chamados_v4_fs_mutualinfo,sunspot,1arima,1,365.478709,,19.117497,,15.719171,,36.503112,,0.346894,,0.193887,,0.951367,,67.857143,
