ExperimentID,Serie,Modelo,Repeticao,ValMetric,MSE,RMSE,MAE,MAPE,theil,ARV,IA,POCID
chamados_v4_fs_arimasvr_rfecv,airlines,1arima,0,,389.194049,19.728002,15.102607,3.315326,0.134713,0.066301,0.983139,78.571429
chamados_v4_fs_arimasvr_rfecv,airlines,1asrfecv,0,12.434680,238.588009,15.446294,13.235509,2.892785,0.109446,0.041799,0.989585,92.857143
chamados_v4_fs_arimasvr_rfecv,austres,1arima,0,,358.130880,18.924346,13.710292,0.078380,0.129713,0.034904,0.990999,75.000000
chamados_v4_fs_arimasvr_rfecv,austres,1asrfecv,0,16.876589,357.661339,18.911936,14.242368,0.081454,0.129543,0.034860,0.991012,75.000000
chamados_v4_fs_arimasvr_rfecv,coloradoRiver,1arima,0,,0.104961,0.323976,0.262984,28.817193,0.755655,0.698832,0.667249,52.702703
chamados_v4_fs_arimasvr_rfecv,coloradoRiver,1asrfecv,0,0.685206,0.094868,0.308007,0.252939,27.919135,0.801947,0.699439,0.679243,51.351351
chamados_v4_fs_arimasvr_rfecv,sunspot,1arima,0,,365.478709,19.117497,15.719171,36.503112,0.346894,0.193887,0.951367,67.857143
chamados_v4_fs_arimasvr_rfecv,sunspot,1asrfecv,0,22.273057,360.598202,18.989423,15.568098,40.474238,0.330354,0.201978,0.950713,60.714286
