ExperimentID,Serie,Modelo,N_Repeticoes,MSE_mean,MSE_std,RMSE_mean,RMSE_std,MAE_mean,MAE_std,MAPE_mean,MAPE_std,theil_mean,theil_std,ARV_mean,ARV_std,IA_mean,IA_std,POCID_mean,POCID_std
chamados_v4_fs_mlp_mutualinfo,airlines,1mlpmutualinfo,10,566.241338,194.322004,23.521321,3.798948,19.715502,3.179332,4.231484,0.585463,0.291385,0.172573,0.116181,0.052844,0.972956,0.010980,81.428571,3.688556
chamados_v4_fs_mlp_mutualinfo,austres,1mlpmutualinfo,10,2112.788922,2431.718307,42.005066,19.674105,40.529355,20.011802,0.231405,0.114223,1.183188,1.483016,0.162722,0.131522,0.950669,0.050764,87.500000,0.000000
chamados_v4_fs_mlp_mutualinfo,coloradoRiver,1mlpmutualinfo,10,0.051979,0.014102,0.225898,0.032480,0.188893,0.030249,25.631417,3.937539,3.158797,0.999619,1.196721,0.137713,0.664418,0.058925,55.945946,11.749765
chamados_v4_fs_mlp_mutualinfo,sunspot,1mlpmutualinfo,10,290.545502,19.309218,17.036962,0.565120,13.789067,0.293874,34.679250,1.147740,0.337133,0.006975,0.166905,0.009599,0.960020,0.002578,74.642857,4.595300
